ROI_Angle,Accuracy
20,0.3065068493150685
30,0.726027397260274
40,0.860445205479452
50,0.9306506849315068
60,0.9263698630136986
75,0.8638698630136986
90,0.7157534246575342
